{
	"alpha": {
		"start": 1,
		"end": 1
	},
	"scale": {
		"start": 1,
		"end": 0.5,
		"minimumScaleMultiplier": 1
	},
	"color": {
		"start": "#ff9900",
		"end": "#ff0000"
	},
	"speed": {
		"start": 800,
		"end": 100
	},
	"acceleration": {
		"x": 0,
		"y": 0
	},
	"startRotation": {
		"min": -90,
		"max": -90
	},
	"noRotation": true,
	"rotationSpeed": {
		"min": 90,
		"max": 360
	},
	"lifetime": {
		"min": 0.01,
		"max": 0.2
	},
	"blendMode": "add",
	"frequency": 0.001,
	"emitterLifetime": -1,
	"maxParticles": 50,
	"pos": {
		"x": -10,
		"y": 0
	},
	"addAtBack": true,
	"spawnType": "rect",
	"spawnRect": {
		"x": 0,
		"y": 0,
		"w": 110,
		"h": 0
	}
}