{
	"alpha": {
		"start": 0.25,
		"end": 1
	},
	"scale": {
		"start": 1,
		"end": 1.4,
		"minimumScaleMultiplier": 0.9
	},
	"color": {
		"start": "#f0b64a",
		"end": "#ff3300"
	},
	"speed": {
		"start": 500,
		"end": 100,
		"minimumSpeedMultiplier": 1
	},
	"acceleration": {
		"x": 0,
		"y": -800
	},
	"maxSpeed": 0,
	"startRotation": {
		"min": 0,
		"max": 360
	},
	"noRotation": false,
	"rotationSpeed": {
		"min": 0,
		"max": 1
	},
	"lifetime": {
		"min": 0.001,
		"max": 0.5
	},
	"blendMode": "add",
	"frequency": 0.001,
	"emitterLifetime": 0.5,
	"maxParticles": 300,
	"pos": {
		"x": 0,
		"y": 0
	},
	"addAtBack": false,
	"spawnType": "rect",
	"spawnRect": {
		"x": -50,
		"y": -150,
		"w": 100,
		"h": 100
	}
}