{
	"alpha": {
		"start": 0.15,
		"end": 0.28
	},
	"scale": {
		"start": 2,
		"end": 1,
		"minimumScaleMultiplier": 2
	},
	"color": {
		"start": "#1737eb",
		"end": "#00f2ff"
	},
	"speed": {
		"start": -150,
		"end": -350
	},
	"acceleration": {
		"x": 0,
		"y": -60
	},
	"startRotation": {
		"min": 180,
		"max": 60
	},
	"noRotation": false,
	"rotationSpeed": {
		"min": 0,
		"max": 0
	},
	"lifetime": {
		"min": 0.01,
		"max": 0.4
	},
	"blendMode": "add",
	"frequency": 0.0005,
	"emitterLifetime": -1,
	"maxParticles": 100,
	"pos": {
		"x": 0,
		"y": 0
	},
	"addAtBack": false,
	"spawnType": "rect",
	"spawnRect": {
		"x": -60,
		"y": -10,
		"w": 120,
		"h": 35
	}
}
