{
	"alpha": {
		"start": 1,
		"end": 1
	},
	"scale": {
		"start": 1.2,
		"end": 0.4,
		"minimumScaleMultiplier": 1
	},
	"color": {
		"start": "#e6bd98",
		"end": "#5c2500"
	},
	"speed": {
		"start": 200,
		"end": 0,
		"minimumSpeedMultiplier": 1
	},
	"acceleration": {
		"x": 0,
		"y": 0
	},
	"maxSpeed": 0,
	"startRotation": {
		"min": -90,
		"max": -90
	},
	"noRotation": false,
	"rotationSpeed": {
		"min": 0,
		"max": 0
	},
	"lifetime": {
		"min": 0.01,
		"max": 0.3
	},
	"blendMode": "add",
	"frequency": 0.001,
	"emitterLifetime": -1,
	"maxParticles": 20,
	"pos": {
		"x": 0,
		"y": 0
	},
	"addAtBack": true,
	"spawnType": "rect",
	"spawnRect": {
		"x": -10,
		"y": 0,
		"w": 20,
		"h": 0
	}
}