{
	"alpha": {
		"start": 0.28,
		"end": 0.19
	},
	"scale": {
		"start": 0.4,
		"end": 0.2,
		"minimumScaleMultiplier": 5
	},
	"color": {
		"start": "#1737eb",
		"end": "#00f2ff"
	},
	"speed": {
		"start": 400,
		"end": 150
	},
	"acceleration": {
		"x": 0,
		"y": -800
	},
	"startRotation": {
		"min": 270,
		"max": 270
	},
	"noRotation": false,
	"rotationSpeed": {
		"min": 0,
		"max": 0
	},
	"lifetime": {
		"min": 0.03,
		"max": 0.15
	},
	"blendMode": "add",
	"frequency": 0.001,
	"emitterLifetime": -1,
	"maxParticles": 200,
	"pos": {
		"x": 0,
		"y": 0
	},
	"addAtBack": false,
	"spawnType": "point"
}