{
	"alpha": {
		"start": 0.1,
		"end": 0
	},
	"scale": {
		"start": 0.5,
		"end": 4,
		"minimumScaleMultiplier": 1
	},
	"color": {
		"start": "#999999",
		"end": "#dddddd"
	},
	"speed": {
		"start": 3000,
		"end": 1000,
		"minimumSpeedMultiplier": 1
	},
	"acceleration": {
		"x": 0,
		"y": 0
	},
	"maxSpeed": 0,
	"startRotation": {
		"min": 0,
		"max": 360
	},
	"noRotation": false,
	"rotationSpeed": {
		"min": 0,
		"max": 0
	},
	"lifetime": {
		"min": 2,
		"max": 3
	},
	"blendMode": "add",
	"frequency": 0.001,
	"emitterLifetime": 0.1,
	"maxParticles": 100,
	"pos": {
		"x": 0,
		"y": 0
	},
	"addAtBack": true,
	"spawnType": "circle",
	"spawnCircle": {
		"x": 0,
		"y": 0,
		"r": 100
	}
}
