{
	"alpha": {
		"start": 0.76,
		"end": 0.2
	},
	"scale": {
		"start": 0.01,
		"end": 3,
		"minimumScaleMultiplier": 0.53
	},
	"color": {
		"start": "#7a05ff",
		"end": "#9e0dff"
	},
	"speed": {
		"start": 0,
		"end": 0
	},
	"acceleration": {
		"x": 0,
		"y": -500
	},
	"startRotation": {
		"min": 0,
		"max": -180
	},
	"noRotation": false,
	"rotationSpeed": {
		"min": 0,
		"max": 1
	},
	"lifetime": {
		"min": 2,
		"max": 2
	},
	"blendMode": "add",
	"frequency": 0.08,
	"emitterLifetime": -1,
	"maxParticles": 100,
	"pos": {
		"x": 0,
		"y": 0
	},
	"addAtBack": false,
	"spawnType": "rect",
	"spawnRect": {
		"x": 0,
		"y": 0,
		"w": 300,
		"h": 0
	}
}
