{
	"alpha": {
		"start": 0.6,
		"end": 0.6
	},
	"scale": {
		"start": 0.02,
		"end": 0.2,
		"minimumScaleMultiplier": 1
	},
	"color": {
		"start": "#ffffff",
		"end": "#ffffff"
	},
	"speed": {
		"start": -10,
		"end": 0
	},
	"acceleration": {
		"x": 0,
		"y": 0
	},
	"startRotation": {
		"min": 70,
		"max": 100
	},
	"noRotation": false,
	"rotationSpeed": {
		"min": 0,
		"max": 10
	},
	"lifetime": {
		"min": 1.5,
		"max": 1.5
	},
	"blendMode": "normal",
	"frequency": 0.2,
	"emitterLifetime": -1,
	"maxParticles": 200,
	"pos": {
		"x": -10,
		"y": 0
	},
	"addAtBack": false,
	"spawnType": "rect",
	"spawnRect": {
		"x": 0,
		"y": 0,
		"w": 20,
		"h": -15
	}
}