{
	"alpha": {
		"start": 0.2,
		"end": 1
	},
	"scale": {
		"start": 0.7,
		"end": 0.2,
		"minimumScaleMultiplier": 0.6
	},
	"color": {
		"start": "#ff4800",
		"end": "#ffe7cc"
	},
	"speed": {
		"start": 1000,
		"end": 0,
		"minimumSpeedMultiplier": 1
	},
	"acceleration": {
		"x": 0,
		"y": 0
	},
	"maxSpeed": 0,
	"startRotation": {
		"min": -90,
		"max": -90
	},
	"noRotation": false,
	"rotationSpeed": {
		"min": 0,
		"max": 0
	},
	"lifetime": {
		"min": 0.05,
		"max": 0.1
	},
	"blendMode": "screen",
	"frequency": 0.001,
	"emitterLifetime": -1,
	"maxParticles": 80,
	"pos": {
		"x": 0,
		"y": 0
	},
	"addAtBack": false,
	"spawnType": "rect",
	"spawnRect": {
		"x": 0,
		"y": 0,
		"w": 0,
		"h": 10
	}
}