{
	"alpha": {
		"start": 0.8,
		"end": 0
	},
	"scale": {
		"start": 0.05,
		"end": 0.6,
		"minimumScaleMultiplier": 1
	},
	"color": {
		"start": "#ffffff",
		"end": "#ffffff"
	},
	"speed": {
		"start": 0,
		"end": 0,
		"minimumSpeedMultiplier": 1
	},
	"acceleration": {
		"x": 0,
		"y": -300
	},
	"maxSpeed": 0,
	"startRotation": {
		"min": 0,
		"max": 0
	},
	"noRotation": false,
	"rotationSpeed": {
		"min": -45,
		"max": 45
	},
	"lifetime": {
		"min": 1,
		"max": 1.5
	},
	"blendMode": "normal",
	"frequency": 0.04,
	"emitterLifetime": -1,
	"maxParticles": 25,
	"pos": {
		"x": 0,
		"y": 0
	},
	"addAtBack": true,
	"spawnType": "rect",
	"spawnRect": {
		"x": -3,
		"y": 5,
		"w": 10,
		"h": 6
	}
}