{
	"alpha": {
		"start": 0.5,
		"end": 0.5
	},
	"scale": {
		"start": 0.5,
		"end": 0.6,
		"minimumScaleMultiplier": 1
	},
	"color": {
		"start": "#ffffff",
		"end": "#ffffff"
	},
	"speed": {
		"start": 100,
		"end": 0
	},
	"acceleration": {
		"x": 0,
		"y": -800
	},
	"startRotation": {
		"min": 0,
		"max": 360
	},
	"noRotation": false,
	"rotationSpeed": {
		"min": 0,
		"max": 0
	},
	"lifetime": {
		"min": 1,
		"max": 1
	},
	"blendMode": "normal",
	"frequency": 0.001,
	"emitterLifetime": -0.2,
	"maxParticles": 10,
	"pos": {
		"x": 0,
		"y": 0
	},
	"addAtBack": false,
	"spawnType": "point"
}
