{
    "alpha": {
        "start": 0.5,
        "end": 0
    },
    "scale": {
        "start": 0.7,
        "end": 2,
        "minimumScaleMultiplier": 1
    },
    "color": {
        "start": "#f5d87a",
        "end": "#f5d87a"
    },
    "speed": {
        "start": 300,
        "end": 50,
        "minimumSpeedMultiplier": 1
    },
    "acceleration": {
        "x": 0,
        "y": 500
    },
    "maxSpeed": 0,
    "startRotation": {
        "min": -120,
        "max": -70
    },
    "noRotation": false,
    "rotationSpeed": {
        "min": 50,
        "max": 60
    },
    "lifetime": {
        "min": 0.1,
        "max": 1.5
    },
    "blendMode": "normal",
    "frequency": 0.001,
    "emitterLifetime": -1,
    "maxParticles": 150,
    "pos": {
        "x": 0,
        "y": 0
    },
    "addAtBack": true,
    "spawnType": "rect",
    "spawnRect": {
        "x": -30,
        "y": 70,
        "w": 100,
        "h": 0
    }
}
