{
	"alpha": {
		"start": 0.75,
		"end": 1
	},
	"scale": {
		"start": 1.2,
		"end": 1.2,
		"minimumScaleMultiplier": 0.9
	},
	"color": {
		"start": "#f6d274",
		"end": "#ff2f0f"
	},
	"speed": {
		"start": 1000,
		"end": 700
	},
	"acceleration": {
		"x": 0,
		"y": 0
	},
	"startRotation": {
		"min": 0,
		"max": 360
	},
	"noRotation": false,
	"rotationSpeed": {
		"min": 0,
		"max": 1
	},
	"lifetime": {
		"min": 0.001,
		"max": 1
	},
	"blendMode": "add",
	"frequency": 0.001,
	"emitterLifetime": -1,
	"maxParticles": 600,
	"pos": {
		"x": 0,
		"y": 0
	},
	"addAtBack": false,
	"spawnType": "rect",
	"spawnRect": {
		"x": -100,
		"y": -200,
		"w": 300,
		"h": 400
	}
}