{
	"alpha": {
		"start": 0.15,
		"end": 0.2
	},
	"scale": {
		"start": 1.8,
		"end": 0.1,
		"minimumScaleMultiplier": 1
	},
	"color": {
		"start": "#f2c5af",
		"end": "#eb50ad"
	},
	"speed": {
		"start": 200,
		"end": 0,
		"minimumSpeedMultiplier": 1
	},
	"acceleration": {
		"x": 0,
		"y": 0
	},
	"maxSpeed": 0,
	"startRotation": {
		"min": -90,
		"max": -90
	},
	"noRotation": false,
	"rotationSpeed": {
		"min": 90,
		"max": 360
	},
	"lifetime": {
		"min": 0.1,
		"max": 0.4
	},
	"blendMode": "add",
	"frequency": 0.001,
	"emitterLifetime": -1,
	"maxParticles": 35,
	"pos": {
		"x": -10,
		"y": 10
	},
	"addAtBack": true,
	"spawnType": "rect",
	"spawnRect": {
		"x": -35,
		"y": -10,
		"w": 80,
		"h": 0
	}
}
