{
	"alpha": {
		"start": 0.4,
		"end": 0.55
	},
	"scale": {
		"start": 0.1,
		"end": 0.06,
		"minimumScaleMultiplier": 1
	},
	"color": {
		"start": "#ffffff",
		"end": "#ffffff"
	},
	"speed": {
		"start": 400,
		"end": 300
	},
	"acceleration": {
		"x": 0,
		"y": 1000
	},
	"startRotation": {
		"min": 0,
		"max": -180
	},
	"noRotation": false,
	"rotationSpeed": {
		"min": 0,
		"max": 90
	},
	"lifetime": {
		"min": 0.1,
		"max": 1
	},
	"blendMode": "normal",
	"frequency": 0.0008,
	"emitterLifetime": 1,
	"maxParticles": 50,
	"pos": {
		"x": 0,
		"y": 0
	},
	"addAtBack": true,
	"spawnType": "rect",
	"spawnRect": {
		"x": 0,
		"y": 20,
		"w": 400,
		"h": 0
	}
}