{
    "alpha": {
        "start": 1,
        "end": 1
    },
    "scale": {
        "start": 0.5,
        "end": 0.2,
        "minimumScaleMultiplier": 1
    },
    "color": {
        "start": "#ffffff",
        "end": "#ffffff"
    },
    "speed": {
        "start": 300,
        "end": 100,
        "minimumSpeedMultiplier": 1
    },
    "acceleration": {
        "x": 0,
        "y": 1000
    },
    "maxSpeed": 0,
    "startRotation": {
        "min": -70,
        "max": -120
    },
    "noRotation": false,
    "rotationSpeed": {
        "min": 0,
        "max": 0
    },
    "lifetime": {
        "min": 0.2,
        "max": 0.5
    },
    "blendMode": "normal",
    "frequency": 0.01,
    "emitterLifetime": -1,
    "maxParticles": 2,
    "pos": {
        "x": 0,
        "y": 0
    },
    "addAtBack": false,
    "spawnType": "rect",
    "spawnRect": {
        "x": -100,
        "y": 0,
        "w": 200,
        "h": 20
    }
}
