{
	"alpha": {
		"start": 1,
		"end": 0.5
	},
	"scale": {
		"start": 2.5,
		"end": 0.3,
		"minimumScaleMultiplier": 1
	},
	"color": {
		"start": "#ffff88",
		"end": "#ff9988"
	},
	"speed": {
		"start": 1,
		"end": 1,
		"minimumSpeedMultiplier": 1
	},
	"acceleration": {
		"x": 0,
		"y": 0
	},
	"maxSpeed": 0,
	"startRotation": {
		"min": 360,
		"max": 0
	},
	"noRotation": false,
	"rotationSpeed": {
		"min": 0,
		"max": 0
	},
	"lifetime": {
		"min": 0,
		"max": 0.1
	},
	"blendMode": "add",
	"frequency": 0.001,
	"emitterLifetime": 0.3,
	"maxParticles": 3,
	"pos": {
		"x": 0,
		"y": 0
	},
	"addAtBack": true,
	"spawnType": "rect",
	"spawnRect": {
		"x": -50,
		"y": -50,
		"w": 100,
		"h": 100
	}
}