{
	"alpha": {
		"start": 1,
		"end": 1
	},
	"scale": {
		"start": 0.7,
		"end": 1,
		"minimumScaleMultiplier": 1
	},
	"color": {
		"start": "#ffffff",
		"end": "#ffffff"
	},
	"speed": {
		"start": 2000,
		"end": 1000
	},
	"acceleration": {
		"x": 0,
		"y": 0
	},
	"startRotation": {
		"min": -80,
		"max": -100
	},
	"noRotation": false,
	"rotationSpeed": {
		"min": 0,
		"max": 0
	},
	"lifetime": {
		"min": 1,
		"max": 1
	},
	"blendMode": "screen",
	"frequency": 0.1,
	"emitterLifetime": 0.2,
	"maxParticles": 1,
	"pos": {
		"x": 0,
		"y": 0
	},
	"addAtBack": false,
	"spawnType": "point"
}