{
	"alpha": {
		"start": 1,
		"end": 0
	},
	"scale": {
		"start": 0.2,
		"end": 0.5,
		"minimumScaleMultiplier": 1
	},
	"color": {
		"start": "#ffe100",
		"end": "#fc1414"
	},
	"speed": {
		"start": 400,
		"end": 1
	},
	"acceleration": {
		"x": 0,
		"y": 300
	},
	"startRotation": {
		"min": 360,
		"max": 0
	},
	"noRotation": false,
	"rotationSpeed": {
		"min": 0,
		"max": 0
	},
	"lifetime": {
		"min": 1,
		"max": 1
	},
	"blendMode": "add",
	"frequency": 0.002,
	"emitterLifetime": 0.5,
	"maxParticles": 200,
	"addAtBack": false,
	"pos": {
		"x": 0,
		"y": 0
	},
	"spawnType": "point"
}