{
  "alpha": {
    "start": 0.2,
    "end": 0.5
  },
  "scale": {
    "start": 1,
    "end": 1,
    "minimumScaleMultiplier": 1
  },
  "color": {
    "start": "#ffffff",
    "end": "#ffffff"
  },
  "speed": {
    "start": 0,
    "end": 0
  },
  "acceleration": {
    "x": 0,
    "y": 0
  },
  "startRotation": {
    "min": 0,
    "max": 0
  },
  "noRotation": true,
  "rotationSpeed": {
    "min": 0,
    "max": 0
  },
  "lifetime": {
    "min": 10,
    "max": 10
  },
  "blendMode": "normal",
  "frequency": 0.1,
  "emitterLifetime": -1,
  "maxParticles": 300,
  "pos": {
    "x": 0,
    "y": 0
  },
  "addAtBack": true,
  "spawnType": "rect",
  "spawnRect": {
    "x": 0,
    "y": 0,
    "w": 100,
    "h": 220
  }
}