{
	"alpha": {
		"start": 1,
		"end": 0.4
	},
	"scale": {
		"start": 0.01,
		"end": 1,
		"minimumScaleMultiplier": 1
	},
	"color": {
		"start": "#ffffff",
		"end": "#ffffff"
	},
	"speed": {
		"start": 150,
		"end": 100,
		"minimumSpeedMultiplier": 1
	},
	"acceleration": {
		"x": 0,
		"y": -400
	},
	"maxSpeed": 0,
	"startRotation": {
		"min": 70,
		"max": 100
	},
	"noRotation": false,
	"rotationSpeed": {
		"min": 0,
		"max": 10
	},
	"lifetime": {
		"min": 0.5,
		"max": 4
	},
	"blendMode": "normal",
	"frequency": 0.05,
	"emitterLifetime": -1,
	"maxParticles": 40,
	"pos": {
		"x": 0,
		"y": 0
	},
	"addAtBack": false,
	"spawnType": "rect",
	"spawnRect": {
		"x": 0,
		"y": 0,
		"w": 0,
		"h": 0
	}
}