{
    "alpha": {
        "start": 0.96,
        "end": 0.8
    },
    "scale": {
        "start": 0.2,
        "end": 0.6,
        "minimumScaleMultiplier": 1
    },
    "color": {
        "start": "#ffffff",
        "end": "#ffffff"
    },
    "speed": {
        "start": 200,
        "end": 150,
        "minimumSpeedMultiplier": 1
    },
    "acceleration": {
        "x": 0,
        "y": -800
    },
    "maxSpeed": 0,
    "startRotation": {
        "min": 70,
        "max": 100
    },
    "noRotation": false,
    "rotationSpeed": {
        "min": 0,
        "max": 10
    },
    "lifetime": {
        "min": 1,
        "max": 1
    },
    "blendMode": "normal",
    "frequency": 0.03,
    "emitterLifetime": -1,
    "maxParticles": 50,
    "pos": {
        "x": 0,
        "y": 0
    },
    "addAtBack": false,
    "spawnType": "rect",
    "spawnRect": {
        "x": 0,
        "y": 0,
        "w": 0,
        "h": 0
    }
}
