{
	"alpha": {
		"start": 0.9,
		"end": 0.5
	},
	"scale": {
		"start": 0.15,
		"end": 0.3,
		"minimumScaleMultiplier": 1
	},
	"color": {
		"start": "#ffffff",
		"end": "#ffffff"
	},
	"speed": {
		"start": 70,
		"end": 60,
		"minimumSpeedMultiplier": 1
	},
	"acceleration": {
		"x": 0,
		"y": 0
	},
	"maxSpeed": 0,
	"startRotation": {
		"min": 0,
		"max": -1
	},
	"noRotation": false,
	"rotationSpeed": {
		"min": 0,
		"max": 0
	},
	"lifetime": {
		"min": 0.1,
		"max": 1
	},
	"blendMode": "normal",
	"frequency": 0.01,
	"emitterLifetime": -1,
	"maxParticles": 2,
	"pos": {
		"x": 0,
		"y": 0
	},
	"addAtBack": false,
	"spawnType": "rect",
	"spawnRect": {
		"x": 0,
		"y": 0,
		"w": 0,
		"h": 0
	}
}