{
	"alpha": {
		"start": 1,
		"end": 0.28
	},
	"scale": {
		"start": 0.8,
		"end": 0.4,
		"minimumScaleMultiplier": 1
	},
	"color": {
		"start": "#ffffff",
		"end": "#ffffff"
	},
	"speed": {
		"start": 2500,
		"end": 1500,
		"minimumSpeedMultiplier": 1
	},
	"acceleration": {
		"x": 0,
		"y": 3000
	},
	"maxSpeed": 0,
	"startRotation": {
		"min": 0,
		"max": 360
	},
	"noRotation": false,
	"rotationSpeed": {
		"min": 500,
		"max": 3600
	},
	"lifetime": {
		"min": 1,
		"max": 1
	},
	"blendMode": "normal",
	"frequency": 0.001,
	"emitterLifetime": 0.9,
	"maxParticles": 100,
	"pos": {
		"x": 0,
		"y": 0
	},
	"addAtBack": true,
	"spawnType": "rect",
	"spawnRect": {
		"x": -100,
		"y": -200,
		"w": 200,
		"h": 400
	}
}