{
	"alpha": {
		"start": 1,
		"end": 1
	},
	"scale": {
		"start": 0.1,
		"end": 1.5,
		"minimumScaleMultiplier": 2
	},
	"color": {
		"start": "#fffdfc",
		"end": "#ffffff"
	},
	"speed": {
		"start": 400,
		"end": 0,
		"minimumSpeedMultiplier": 1
	},
	"acceleration": {
		"x": 0,
		"y": 0
	},
	"maxSpeed": 0,
	"startRotation": {
		"min": 0,
		"max": 360
	},
	"noRotation": false,
	"rotationSpeed": {
		"min": 0,
		"max": 0
	},
	"lifetime": {
		"min": 0.01,
		"max": 0.09
	},
	"blendMode": "add",
	"frequency": 0.01,
	"emitterLifetime": -1,
	"maxParticles": 4,
	"pos": {
		"x": 0,
		"y": 0
	},
	"addAtBack": true,
	"spawnType": "rect",
	"spawnRect": {
		"x": 0,
		"y": 0,
		"w": 5,
		"h": 0
	}
}