{
	"alpha": {
		"start": 0.91,
		"end": 0.33
	},
	"scale": {
		"start": 0.6,
		"end": 1,
		"minimumScaleMultiplier": 0.8
	},
	"color": {
		"start": "#ffffff",
		"end": "#ffffff"
	},
	"speed": {
		"start": 10,
		"end": 10
	},
	"acceleration": {
		"x": 0,
		"y": 0
	},
	"startRotation": {
		"min": 0,
		"max": 360
	},
	"noRotation": false,
	"rotationSpeed": {
		"min": 0,
		"max": 0
	},
	"lifetime": {
		"min": 0.2,
		"max": 0.2
	},
	"blendMode": "normal",
	"frequency": 0.08,
	"emitterLifetime": -1,
	"maxParticles": 1000,
	"pos": {
		"x": 0,
		"y": 0
	},
	"addAtBack": false,
	"spawnType": "point"
}