{
    "alpha": {
        "start": 0.61,
        "end": 0
    },
    "scale": {
        "start": 0.7,
        "end": 0.2,
        "minimumScaleMultiplier": 1
    },
    "color": {
        "start": "#ff6600",
        "end": "#fcbc97"
    },
    "speed": {
        "start": 700,
        "end": 1000,
        "minimumSpeedMultiplier": 1
    },
    "acceleration": {
        "x": 0,
        "y": 0
    },
    "maxSpeed": 0,
    "startRotation": {
        "min": -85,
        "max": -95
    },
    "noRotation": false,
    "rotationSpeed": {
        "min": 50,
        "max": 60
    },
    "lifetime": {
        "min": 0.1,
        "max": 0.5
    },
    "blendMode": "normal",
    "frequency": 0.001,
    "emitterLifetime": -1,
    "maxParticles": 200,
    "pos": {
        "x": 0,
        "y": 0
    },
    "addAtBack": true,
    "spawnType": "rect",
    "spawnRect": {
        "x": 0,
        "y": 0,
        "w": 20,
        "h": 0
    }
}
