{
	"alpha": {
		"start": 1,
		"end": 0
	},
	"scale": {
		"start": 0.6,
		"end": 0.001,
		"minimumScaleMultiplier": 0.1
	},
	"color": {
		"start": "#f2ff00",
		"end": "#ff8614"
	},
	"speed": {
		"start": 300,
		"end": 0
	},
	"acceleration": {
		"x": 0,
		"y": 400
	},
	"startRotation": {
		"min": 0,
		"max": 360
	},
	"noRotation": false,
	"rotationSpeed": {
		"min": 0,
		"max": 0
	},
	"lifetime": {
		"min": 0.4,
		"max": 0.4
	},
	"blendMode": "normal",
	"frequency": 0.004,
	"emitterLifetime": -1,
	"maxParticles": 500,
	"pos": {
		"x": 0,
		"y": 0
	},
	"addAtBack": false,
	"spawnType": "circle",
	"spawnCircle": {
		"x": 0,
		"y": 0,
		"r": 0
	}
}