{
	"alpha": {
		"start": 1,
		"end": 1
	},
	"scale": {
		"start": 2.5,
		"end": 1,
		"minimumScaleMultiplier": 1
	},
	"color": {
		"start": "#ffffff",
		"end": "#f06c00"
	},
	"speed": {
		"start": 2000,
		"end": 0,
		"minimumSpeedMultiplier": 1
	},
	"acceleration": {
		"x": 0,
		"y": 0
	},
	"maxSpeed": 0,
	"startRotation": {
		"min": 0,
		"max": 360
	},
	"noRotation": false,
	"rotationSpeed": {
		"min": 0,
		"max": 0
	},
	"lifetime": {
		"min": 0.01,
		"max": 0.06
	},
	"blendMode": "add",
	"frequency": 0.01,
	"emitterLifetime": -1,
	"maxParticles": 15,
	"pos": {
		"x": 0,
		"y": 0
	},
	"addAtBack": true,
	"spawnType": "point"
}