{
	"alpha": {
		"start": 0,
		"end": 1
	},
	"scale": {
		"start": 0.12,
		"end": 0.12,
		"minimumScaleMultiplier": 3
	},
	"color": {
		"start": "#f5da0c",
		"end": "#c29b00"
	},
	"speed": {
		"start": 0,
		"end": 0
	},
	"acceleration": {
		"x": 0,
		"y": 0
	},
	"startRotation": {
		"min": 0,
		"max": 0
	},
	"noRotation": false,
	"rotationSpeed": {
		"min": 0,
		"max": 0
	},
	"lifetime": {
		"min": 0.15,
		"max": 0.15
	},
	"blendMode": "normal",
	"frequency": 0.001,
	"emitterLifetime": -1,
	"maxParticles": 500,
	"pos": {
		"x": 0,
		"y": 0
	},
	"addAtBack": false,
	"spawnType": "point"
}