{
    "alpha": {
        "start": 1,
        "end": 1
    },
    "scale": {
        "start": 3,
        "end": 3,
        "minimumScaleMultiplier": 1
    },
    "color": {
        "start": "#eb7a2f",
        "end": "#e67d40"
    },
    "speed": {
        "start": 0,
        "end": 0,
        "minimumSpeedMultiplier": 1
    },
    "acceleration": {
        "x": 0,
        "y": 0
    },
    "maxSpeed": 0,
    "startRotation": {
        "min": -85,
        "max": -95
    },
    "noRotation": false,
    "rotationSpeed": {
        "min": 0,
        "max": 10
    },
    "lifetime": {
        "min": 1000,
        "max": 1000
    },
    "blendMode": "normal",
    "frequency": 0.001,
    "emitterLifetime": -1,
    "maxParticles": 50,
    "pos": {
        "x": 0,
        "y": 0
    },
    "addAtBack": false,
    "spawnType": "rect",
    "spawnRect": {
        "x": 50,
        "y": -380,
        "w": 100,
        "h": 400
    }
}
