{
	"alpha": {
		"start": 1,
		"end": 2
	},
	"scale": {
		"start": 2,
		"end": 3,
		"minimumScaleMultiplier": 1
	},
	"color": {
		"start": "#f7f7e1",
		"end": "#ffffff"
	},
	"speed": {
		"start": 0,
		"end": 0,
		"minimumSpeedMultiplier": 1
	},
	"acceleration": {
		"x": 0,
		"y": -30
	},
	"maxSpeed": 0,
	"startRotation": {
		"min": 90,
		"max": 90
	},
	"noRotation": false,
	"rotationSpeed": {
		"min": 0,
		"max": 90
	},
	"lifetime": {
		"min": 0.5,
		"max": 10
	},
	"blendMode": "normal",
	"frequency": 0.12,
	"emitterLifetime": -1,
	"maxParticles": 30,
	"pos": {
		"x": 0,
		"y": 0
	},
	"addAtBack": true,
	"spawnType": "rect",
	"spawnRect": {
		"x": 0,
		"y": 0,
		"w": 50,
		"h": 0
	}
}