{
	"alpha": {
		"start": 1,
		"end": 1
	},
	"scale": {
		"start": 1,
		"end": 0.5,
		"minimumScaleMultiplier": 0.1
	},
	"color": {
		"start": "#ff5e00",
		"end": "#ce47ff"
	},
	"speed": {
		"start": 800,
		"end": 0
	},
	"acceleration": {
		"x": 0,
		"y": 0
	},
	"startRotation": {
		"min": -80,
		"max": -100
	},
	"noRotation": false,
	"rotationSpeed": {
		"min": 0,
		"max": 0
	},
	"lifetime": {
		"min": 0.01,
		"max": 0.1
	},
	"blendMode": "add",
	"frequency": 0.001,
	"emitterLifetime": -1,
	"maxParticles": 20,
	"pos": {
		"x": 0,
		"y": 0
	},
	"addAtBack": true,
	"spawnType": "rect",
	"spawnRect": {
		"x": -10,
		"y": 0,
		"w": 20,
		"h": 0
	}
}