{
	"alpha": {
		"start": 0.15,
		"end": 0.42
	},
	"scale": {
		"start": 0.25,
		"end": 0.75,
		"minimumScaleMultiplier": 1
	},
	"color": {
		"start": "#bf3551",
		"end": "#611625"
	},
	"speed": {
		"start": 10,
		"end": 100
	},
	"acceleration": {
		"x": 0,
		"y": 0
	},
	"startRotation": {
		"min": -20,
		"max": -160
	},
	"noRotation": false,
	"rotationSpeed": {
		"min": 50,
		"max": 50
	},
	"lifetime": {
		"min": 2,
		"max": 3
	},
	"blendMode": "normal",
	"frequency": 0.01,
	"emitterLifetime": 1,
	"maxParticles": 100,
	"pos": {
		"x": 0,
		"y": 0
	},
	"addAtBack": false,
	"spawnType": "rect",
	"spawnRect": {
		"x": 0,
		"y": 0,
		"w": 20,
		"h": 0
	}
}