{
	"alpha": {
		"start": 0.3,
		"end": 0
	},
	"scale": {
		"start": 0.2,
		"end": 0.9,
		"minimumScaleMultiplier": 1
	},
	"color": {
		"start": "#ff0000",
		"end": "#ff0000"
	},
	"speed": {
		"start": 200,
		"end": 200
	},
	"acceleration": {
		"x": 0,
		"y": -250
	},
	"startRotation": {
		"min": 80,
		"max": 100
	},
	"noRotation": false,
	"rotationSpeed": {
		"min": 0,
		"max": 0
	},
	"lifetime": {
		"min": 0.2,
		"max": 1.5
	},
	"blendMode": "normal",
	"frequency": 0.01,
	"emitterLifetime": 0.1,
	"maxParticles": 1000,
	"pos": {
		"x": 0,
		"y": 0
	},
	"addAtBack": false,
	"spawnType": "rect",
	"spawnRect": {
		"x": -10,
		"y": 0,
		"w": 20,
		"h": 0
	}
}