{
	"alpha": {
		"start": 0.43,
		"end": 0.2
	},
	"scale": {
		"start": 1.5,
		"end": 1.2,
		"minimumScaleMultiplier": 0.8
	},
	"color": {
		"start": "#ffffff",
		"end": "#ffffff"
	},
	"speed": {
		"start": 200,
		"end": 200
	},
	"acceleration": {
		"x": 0,
		"y": 500
	},
	"startRotation": {
		"min": 0,
		"max": -180
	},
	"noRotation": false,
	"rotationSpeed": {
		"min": 0,
		"max": 0
	},
	"lifetime": {
		"min": 0.1,
		"max": 0.5
	},
	"blendMode": "normal",
	"frequency": 0.01,
	"emitterLifetime": 0.1,
	"maxParticles": 6,
	"pos": {
		"x": 0,
		"y": 0
	},
	"addAtBack": false,
	"spawnType": "point"
}