{
	"alpha": {
		"start": 0.2,
		"end": 0.2
	},
	"scale": {
		"start": 1,
		"end": 1,
		"minimumScaleMultiplier": 1
	},
	"color": {
		"start": "#e66920",
		"end": "#e66920"
	},
	"speed": {
		"start": 0,
		"end": 0,
		"minimumSpeedMultiplier": 1
	},
	"acceleration": {
		"x": 0,
		"y": 0
	},
	"maxSpeed": 0,
	"startRotation": {
		"min": 90,
		"max": 90
	},
	"noRotation": false,
	"rotationSpeed": {
		"min": 0,
		"max": 5
	},
	"lifetime": {
		"min": 1000,
		"max": 1000
	},
	"blendMode": "normal",
	"frequency": 0.001,
	"emitterLifetime": -1,
	"maxParticles": 100,
	"pos": {
		"x": 0,
		"y": 0
	},
	"addAtBack": true,
	"spawnType": "rect",
	"spawnRect": {
		"x": -50,
		"y": -20,
		"w": 100,
		"h": 220
	}
}