{
    "alpha": {
        "start": 1,
        "end": 1
    },
    "scale": {
        "start": 0.1,
        "end": 0.4,
        "minimumScaleMultiplier": 1
    },
    "color": {
        "start": "#ffffff",
        "end": "#ffffff"
    },
    "speed": {
        "start": 50,
        "end": 1000,
        "minimumSpeedMultiplier": 1
    },
    "acceleration": {
        "x": 0,
        "y": 0
    },
    "maxSpeed": 0,
    "startRotation": {
        "min": -90,
        "max": -90
    },
    "noRotation": false,
    "rotationSpeed": {
        "min": 0,
        "max": 0
    },
    "lifetime": {
        "min": 0.4,
        "max": 1
    },
    "blendMode": "normal",
    "frequency": 0.01,
    "emitterLifetime": -1,
    "maxParticles": 30,
    "pos": {
        "x": 0,
        "y": 0
    },
    "addAtBack": false,
    "spawnType": "rect",
    "spawnRect": {
        "x": -30,
        "y": 0,
        "w": 60,
        "h": 15
    }
}
