{
    "alpha": {
        "start": 1,
        "end": 1
    },
    "scale": {
        "start": 0.05,
        "end": 0.3,
        "minimumScaleMultiplier": 1
    },
    "color": {
        "start": "#ffffff",
        "end": "#ffffff"
    },
    "speed": {
        "start": 300,
        "end": 100,
        "minimumSpeedMultiplier": 1
    },
    "acceleration": {
        "x": 0,
        "y": -1000
    },
    "maxSpeed": 0,
    "startRotation": {
        "min": 50,
        "max": 130
    },
    "noRotation": false,
    "rotationSpeed": {
        "min": 0,
        "max": 0
    },
    "lifetime": {
        "min": 0.2,
        "max": 0.7
    },
    "blendMode": "normal",
    "frequency": 0.01,
    "emitterLifetime": -1,
    "maxParticles": 20,
    "pos": {
        "x": 0,
        "y": 0
    },
    "addAtBack": false,
    "spawnType": "rect",
    "spawnRect": {
        "x": -25,
        "y": -10,
        "w": 50,
        "h": 15
    }
}
