{
	"alpha": {
		"start": 0.8,
		"end": 0
	},
	"scale": {
		"start": 0.1,
		"end": 1,
		"minimumScaleMultiplier": 1
	},
	"color": {
		"start": "#ffffff",
		"end": "#ffffff"
	},
	"speed": {
		"start": 0,
		"end": 0,
		"minimumSpeedMultiplier": 1
	},
	"acceleration": {
		"x": 0,
		"y": -400
	},
	"maxSpeed": 0,
	"startRotation": {
		"min": 0,
		"max": 0
	},
	"noRotation": false,
	"rotationSpeed": {
		"min": 100,
		"max": -90
	},
	"lifetime": {
		"min": 0.1,
		"max": 1.5
	},
	"blendMode": "normal",
	"frequency": 0.05,
	"emitterLifetime": -1,
	"maxParticles": 20,
	"pos": {
		"x": 0,
		"y": 0
	},
	"addAtBack": true,
	"spawnType": "rect",
	"spawnRect": {
		"x": -10,
		"y": -5,
		"w": 20,
		"h": 10
	}
}