{
	"alpha": {
		"start": 0.26,
		"end": 1
	},
	"scale": {
		"start": 1.5,
		"end": 0.6,
		"minimumScaleMultiplier": 1
	},
	"color": {
		"start": "#21439e",
		"end": "#ff5e00"
	},
	"speed": {
		"start": 1800,
		"end": 0,
		"minimumSpeedMultiplier": 1
	},
	"acceleration": {
		"x": 0,
		"y": 0
	},
	"maxSpeed": 0,
	"startRotation": {
		"min": -90,
		"max": -88
	},
	"noRotation": false,
	"rotationSpeed": {
		"min": 0,
		"max": 0
	},
	"lifetime": {
		"min": 0.1,
		"max": 0.15
	},
	"blendMode": "add",
	"frequency": 0.001,
	"emitterLifetime": -1,
	"maxParticles": 40,
	"pos": {
		"x": 0,
		"y": 5
	},
	"addAtBack": false,
	"spawnType": "rect",
	"spawnRect": {
		"x": 0,
		"y": 0,
		"w": 1,
		"h": 0
	}
}