{
	"alpha": {
		"start": 1,
		"end": 1
	},
	"scale": {
		"start": 1,
		"end": 3,
		"minimumScaleMultiplier": 1
	},
	"color": {
		"start": "#ffc894",
		"end": "#5c2500"
	},
	"speed": {
		"start": 2500,
		"end": 0,
		"minimumSpeedMultiplier": 1
	},
	"acceleration": {
		"x": 0,
		"y": 0
	},
	"maxSpeed": 0,
	"startRotation": {
		"min": -40,
		"max": -140
	},
	"noRotation": false,
	"rotationSpeed": {
		"min": 0,
		"max": 0
	},
	"lifetime": {
		"min": 0.01,
		"max": 0.15
	},
	"blendMode": "add",
	"frequency": 0.001,
	"emitterLifetime": -1,
	"maxParticles": 20,
	"pos": {
		"x": 0,
		"y": 0
	},
	"addAtBack": true,
	"spawnType": "rect",
	"spawnRect": {
		"x": 0,
		"y": 0,
		"w": 50,
		"h": 0
	}
}