{
	"alpha": {
		"start": 1,
		"end": 0.34
	},
	"scale": {
		"start": 1,
		"end": 3,
		"minimumScaleMultiplier": 0.001
	},
	"color": {
		"start": "#ffffff",
		"end": "#fff88f"
	},
	"speed": {
		"start": 400,
		"end": 200
	},
	"acceleration": {
		"x": 0,
		"y": 0
	},
	"startRotation": {
		"min": 0,
		"max": -180
	},
	"noRotation": false,
	"rotationSpeed": {
		"min": 0,
		"max": 0
	},
	"lifetime": {
		"min": 0.1,
		"max": 0.5
	},
	"blendMode": "normal",
	"frequency": 0.002,
	"emitterLifetime": -1,
	"maxParticles": 250,
	"pos": {
		"x": 0,
		"y": 0
	},
	"addAtBack": false,
	"spawnType": "point"
}
