{
	"alpha": {
		"start": 0.5,
		"end": 0
	},
	"scale": {
		"start": 1,
		"end": 1,
		"minimumScaleMultiplier": 0.3
	},
	"color": {
		"start": "#d1cd81",
		"end": "#e8b819"
	},
	"speed": {
		"start": 80,
		"end": 80
	},
	"acceleration": {
		"x": 0,
		"y": -100
	},
	"startRotation": {
		"min": 260,
		"max": 280
	},
	"rotationSpeed": {
		"min": 0,
		"max": 0
	},
	"lifetime": {
		"min": 0.01,
		"max": 1
	},
	"blendMode": "normal",
	"frequency": 0.001,
	"emitterLifetime": -1,
	"maxParticles": 400,
	"pos": {
		"x": 0,
		"y": 0
	},
	"addAtBack": false,
	"spawnType": "rect",
	"spawnRect": {
		"x": 0,
		"y": 0,
		"w": 20,
		"h": 0
	}
}