{
	"alpha": {
		"start": 0.1,
		"end": 0.6
	},
	"scale": {
		"start": 0.3,
		"end": 0.4,
		"minimumScaleMultiplier": 0.8
	},
	"color": {
		"start": "#ffffff",
		"end": "#ffffff"
	},
	"speed": {
		"start": 30,
		"end": -100,
		"minimumSpeedMultiplier": 0.8
	},
	"acceleration": {
		"x": 0,
		"y": 400
	},
	"maxSpeed": 0,
	"startRotation": {
		"min": -180,
		"max": 0
	},
	"noRotation": false,
	"rotationSpeed": {
		"min": 0,
		"max": 0
	},
	"lifetime": {
		"min": 0.2,
		"max": 1
	},
	"blendMode": "normal",
	"frequency": 0.001,
	"emitterLifetime": 1,
	"maxParticles": 200,
	"pos": {
		"x": 0,
		"y": 0
	},
	"addAtBack": false,
	"spawnType": "rect",
	"spawnRect": {
		"x": 0,
		"y": 0,
		"w": 60,
		"h": 10
	}
}