{
	"alpha": {
		"start": 1,
		"end": 1
	},
	"scale": {
		"start": 2,
		"end": 0.1,
		"minimumScaleMultiplier": 1
	},
	"color": {
		"start": "#751e08",
		"end": "#ffb375"
	},
	"speed": {
		"start": 600,
		"end": 0,
		"minimumSpeedMultiplier": 1
	},
	"acceleration": {
		"x": 0,
		"y": 0
	},
	"maxSpeed": 0,
	"startRotation": {
		"min": -90,
		"max": -90
	},
	"noRotation": false,
	"rotationSpeed": {
		"min": 90,
		"max": 360
	},
	"lifetime": {
		"min": 0.1,
		"max": 0.55
	},
	"blendMode": "add",
	"frequency": 0.001,
	"emitterLifetime": -1,
	"maxParticles": 25,
	"pos": {
		"x": -10,
		"y": 0
	},
	"addAtBack": true,
	"spawnType": "rect",
	"spawnRect": {
		"x": -55,
		"y": 0,
		"w": 110,
		"h": 0
	}
}