{
	"alpha": {
		"start": 0.02,
		"end": 0.2
	},
	"scale": {
		"start": 0.5,
		"end": 0.5,
		"minimumScaleMultiplier": 1
	},
	"color": {
		"start": "#000000",
		"end": "#000000"
	},
	"speed": {
		"start": 500,
		"end": 0,
		"minimumSpeedMultiplier": 1
	},
	"acceleration": {
		"x": 0,
		"y": 700
	},
	"maxSpeed": 0,
	"startRotation": {
		"min": -90,
		"max": -90
	},
	"noRotation": false,
	"rotationSpeed": {
		"min": 0,
		"max": 0
	},
	"lifetime": {
		"min": 0.01,
		"max": 0.2
	},
	"blendMode": "add",
	"frequency": 0.001,
	"emitterLifetime": -1,
	"maxParticles": 100,
	"pos": {
		"x": -10,
		"y": 0
	},
	"addAtBack": true,
	"spawnType": "point"
}