{
	"alpha": {
		"start": 0.22,
		"end": 1
	},
	"scale": {
		"start": 2,
		"end": 0.8,
		"minimumScaleMultiplier": 1
	},
	"color": {
		"start": "#000000",
		"end": "#d1bd4d"
	},
	"speed": {
		"start": 0,
		"end": 0,
		"minimumSpeedMultiplier": 1
	},
	"acceleration": {
		"x": 0,
		"y": -100
	},
	"maxSpeed": 0,
	"startRotation": {
		"min": 1,
		"max": 0
	},
	"noRotation": false,
	"rotationSpeed": {
		"min": 0,
		"max": 182
	},
	"lifetime": {
		"min": 0.1,
		"max": 0.6
	},
	"blendMode": "add",
	"frequency": 0.001,
	"emitterLifetime": -1,
	"maxParticles": 100,
	"pos": {
		"x": 0,
		"y": 0
	},
	"addAtBack": false,
	"spawnType": "rect",
	"spawnRect": {
		"x": 0,
		"y": 0,
		"w": 60,
		"h": 0
	}
}