{
	"alpha": {
		"start": 0.57,
		"end": 0
	},
	"scale": {
		"start": 0.1,
		"end": 1,
		"minimumScaleMultiplier": 1
	},
	"color": {
		"start": "#f7f7e1",
		"end": "#ffffff"
	},
	"speed": {
		"start": 0,
		"end": 0,
		"minimumSpeedMultiplier": 1
	},
	"acceleration": {
		"x": 0,
		"y": -200
	},
	"maxSpeed": 0,
	"startRotation": {
		"min": 90,
		"max": 90
	},
	"noRotation": false,
	"rotationSpeed": {
		"min": 0,
		"max": 180
	},
	"lifetime": {
		"min": 0.1,
		"max": 2.5
	},
	"blendMode": "normal",
	"frequency": 0.01,
	"emitterLifetime": -1,
	"maxParticles": 20,
	"pos": {
		"x": 0,
		"y": 0
	},
	"addAtBack": true,
	"spawnType": "rect",
	"spawnRect": {
		"x": 0,
		"y": 0,
		"w": 20,
		"h": 0
	}
}