{
	"alpha": {
		"start": 1,
		"end": 0.34
	},
	"scale": {
		"start": 1,
		"end": 1,
		"minimumScaleMultiplier": 0.001
	},
	"color": {
		"start": "#0325ff",
		"end": "#0026ff"
	},
	"speed": {
		"start": 0,
		"end": 0
	},
	"acceleration": {
		"x": 0,
		"y": -2000
	},
	"startRotation": {
		"min": 270,
		"max": 270
	},
	"noRotation": false,
	"rotationSpeed": {
		"min": 0,
		"max": 0
	},
	"lifetime": {
		"min": 0.01,
		"max": 0.3
	},
	"blendMode": "add",
	"frequency": 0.001,
	"emitterLifetime": -1,
	"maxParticles": 250,
	"pos": {
		"x": 0,
		"y": 0
	},
	"addAtBack": false,
	"spawnType": "rect",
	"spawnRect": {
		"x": 0,
		"y": 0,
		"w": 35,
		"h": 0
	}
}