{
    "alpha": {
        "start": 0.45,
        "end": 1
    },
    "scale": {
        "start": 3,
        "end": 4,
        "minimumScaleMultiplier": 1
    },
    "color": {
        "start": "#7c1cdb",
        "end": "#170dd6"
    },
    "speed": {
        "start": -2,
        "end": 0,
        "minimumSpeedMultiplier": 1
    },
    "acceleration": {
        "x": 0,
        "y": 0
    },
    "maxSpeed": 0,
    "startRotation": {
        "min": 1,
        "max": 0
    },
    "noRotation": false,
    "rotationSpeed": {
        "min": 0,
        "max": 0
    },
    "lifetime": {
        "min": 0.1,
        "max": 1
    },
    "blendMode": "add",
    "frequency": 0.001,
    "emitterLifetime": -1,
    "maxParticles": 10,
    "pos": {
        "x": 0,
        "y": 0
    },
    "addAtBack": false,
    "spawnType": "rect",
    "spawnRect": {
        "x": 0,
        "y": 0,
        "w": 90,
        "h": 90
    }
}
