{
	"alpha": {
		"start": 0.3,
		"end": 0.3
	},
	"scale": {
		"start": 2.2,
		"end": 1.2,
		"minimumScaleMultiplier": 1
	},
	"color": {
		"start": "#0f1a3d",
		"end": "#000000"
	},
	"speed": {
		"start": 0,
		"end": 0,
		"minimumSpeedMultiplier": 1
	},
	"acceleration": {
		"x": 0,
		"y": -500
	},
	"maxSpeed": 0,
	"startRotation": {
		"min": 1,
		"max": 0
	},
	"noRotation": false,
	"rotationSpeed": {
		"min": 0,
		"max": 182
	},
	"lifetime": {
		"min": 0.15,
		"max": 0.3
	},
	"blendMode": "add",
	"frequency": 0.001,
	"emitterLifetime": -1,
	"maxParticles": 50,
	"pos": {
		"x": 0,
		"y": 0
	},
	"addAtBack": false,
	"spawnType": "rect",
	"spawnRect": {
		"x": 0,
		"y": 0,
		"w": 0,
		"h": 0
	}
}