{
	"alpha": {
		"start": 0.54,
		"end": 0.11
	},
	"scale": {
		"start": 1,
		"end": 1,
		"minimumScaleMultiplier": 0.3
	},
	"color": {
		"start": "#fcc051",
		"end": "#fcc051"
	},
	"speed": {
		"start": 0,
		"end": 0
	},
	"acceleration": {
		"x": 0,
		"y": -200
	},
	"startRotation": {
		"min": 0,
		"max": 0
	},
	"rotationSpeed": {
		"min": 0,
		"max": 0
	},
	"lifetime": {
		"min": 0.01,
		"max": 1
	},
	"blendMode": "normal",
	"frequency": 0.001,
	"emitterLifetime": -1,
	"maxParticles": 50,
	"pos": {
		"x": 0,
		"y": 0
	},
	"addAtBack": false,
	"spawnType": "ring",
	"spawnCircle": {
		"x": 0,
		"y": 0,
		"r": 15,
		"minR": 0
	}
}