{
    "alpha": {
        "start": 0.8,
        "end": 1
    },
    "scale": {
        "start": 0.4,
        "end": 0.9,
        "minimumScaleMultiplier": 1
    },
    "color": {
        "start": "#ffffff",
        "end": "#ffffff"
    },
    "speed": {
        "start": 0,
        "end": 0,
        "minimumSpeedMultiplier": 1
    },
    "acceleration": {
        "x": 0,
        "y": 0
    },
    "maxSpeed": 0,
    "startRotation": {
        "min": -90,
        "max": -88
    },
    "noRotation": false,
    "rotationSpeed": {
        "min": 0,
        "max": 0
    },
    "lifetime": {
        "min": 0.1,
        "max": 0.2
    },
    "blendMode": "normal",
    "frequency": 0.01,
    "emitterLifetime": -1,
    "maxParticles": 15,
    "pos": {
        "x": 0,
        "y": 0
    },
    "addAtBack": false,
    "spawnType": "rect",
    "spawnRect": {
        "x": 0,
        "y": -10,
        "w": 80,
        "h": 15
    }
}
