{
    "alpha": {
        "start": 0.8,
        "end": 0.9
    },
    "scale": {
        "start": 0.5,
        "end": 0.7,
        "minimumScaleMultiplier": 1
    },
    "color": {
        "start": "#ffffff",
        "end": "#ffffff"
    },
    "speed": {
        "start": 1000,
        "end": 1100,
        "minimumSpeedMultiplier": 1
    },
    "acceleration": {
        "x": 0,
        "y": 0
    },
    "maxSpeed": 0,
    "startRotation": {
        "min": -90,
        "max": -88
    },
    "noRotation": false,
    "rotationSpeed": {
        "min": 0,
        "max": 0
    },
    "lifetime": {
        "min": 0.1,
        "max": 1
    },
    "blendMode": "normal",
    "frequency": 0.01,
    "emitterLifetime": -1,
    "maxParticles": 10,
    "pos": {
        "x": 0,
        "y": 0
    },
    "addAtBack": false,
    "spawnType": "rect",
    "spawnRect": {
        "x": -40,
        "y": 0,
        "w": 80,
        "h": 0
    }
}
