{
    "alpha": {
        "start": 0.8,
        "end": 0.5
    },
    "scale": {
        "start": 0.4,
        "end": 2,
        "minimumScaleMultiplier": 1
    },
    "color": {
        "start": "#ffffff",
        "end": "#ffffff"
    },
    "speed": {
        "start": 800,
        "end": 400,
        "minimumSpeedMultiplier": 1
    },
    "acceleration": {
        "x": -800,
        "y": 0
    },
    "maxSpeed": 0,
    "startRotation": {
        "min": -80,
        "max": -90
    },
    "noRotation": false,
    "rotationSpeed": {
        "min": 0,
        "max": 0
    },
    "lifetime": {
        "min": 0.5,
        "max": 1
    },
    "blendMode": "normal",
    "frequency": 0.1,
    "emitterLifetime": -1,
    "maxParticles": 5,
    "pos": {
        "x": 0,
        "y": 0
    },
    "addAtBack": false,
    "spawnType": "rect",
    "spawnRect": {
        "x": -15,
        "y": 0,
        "w": 30,
        "h": 10
    }
}
