{
    "alpha": {
        "start": 1,
        "end": 1
    },
    "scale": {
        "start": 0.3,
        "end": 0.3,
        "minimumScaleMultiplier": 1
    },
    "color": {
        "start": "#ffffff",
        "end": "#ffffff"
    },
    "speed": {
        "start": -400,
        "end": 0,
        "minimumSpeedMultiplier": 1
    },
    "acceleration": {
        "x": 0,
        "y": -1500
    },
    "maxSpeed": 0,
    "startRotation": {
        "min": -80,
        "max": -100
    },
    "noRotation": false,
    "rotationSpeed": {
        "min": 0,
        "max": 0
    },
    "lifetime": {
        "min": 0.5,
        "max": 0.5
    },
    "blendMode": "normal",
    "frequency": 0.01,
    "emitterLifetime": 0.5,
    "maxParticles": 50,
    "pos": {
        "x": 0,
        "y": 0
    },
    "addAtBack": false,
    "spawnType": "rect",
    "spawnRect": {
        "x": 0,
        "y": -10,
        "w": 600,
        "h": 35
    }
}
