{
	"alpha": {
		"start": 0.02,
		"end": 0.36
	},
	"scale": {
		"start": 0.5,
		"end": 0.5,
		"minimumScaleMultiplier": 3
	},
	"color": {
		"start": "#2682eb",
		"end": "#ffd21f"
	},
	"speed": {
		"start": 0,
		"end": 0
	},
	"acceleration": {
		"x": 0,
		"y": -3500
	},
	"startRotation": {
		"min": 0,
		"max": 0
	},
	"noRotation": false,
	"rotationSpeed": {
		"min": 0,
		"max": 0
	},
	"lifetime": {
		"min": 0.15,
		"max": 0.3
	},
	"blendMode": "ADD",
	"frequency": 0.001,
	"emitterLifetime": -1,
	"maxParticles": 300,
	"pos": {
		"x": 0,
		"y": 0
	},
	"addAtBack": false,
	"spawnType": "rect",
	"spawnRect": {
		"x": 0,
		"y": 0,
		"w": 15,
		"h": 30
	}
}