{
    "alpha": {
        "start": 0.05,
        "end": 0.1
    },
    "scale": {
        "start": 0.5,
        "end": 0.5,
        "minimumScaleMultiplier": 2.5
    },
    "color": {
        "start": "#52baff",
        "end": "#52baff"
    },
    "speed": {
        "start": 0,
        "end": 0
    },
    "acceleration": {
        "x": 0,
        "y": -350
    },
    "startRotation": {
        "min": 0,
        "max": 0
    },
    "noRotation": false,
    "rotationSpeed": {
        "min": 0,
        "max": 0
    },
    "lifetime": {
        "min": 0.01,
        "max": 1
    },
    "blendMode": "normal",
    "frequency": 0.001,
    "emitterLifetime": -1,
    "maxParticles": 120,
    "pos": {
        "x": 0,
        "y": 0
    },
    "addAtBack": false,
    "spawnType": "rect",
    "spawnRect": {
        "x": 0,
        "y": 0,
        "w": 10,
        "h": 20
    }
}
