{
	"alpha": {
		"start": 1,
		"end": 0
	},
	"scale": {
		"start": 0.1,
		"end": 0.4,
		"minimumScaleMultiplier": 1
	},
	"color": {
		"start": "#8c0f45",
		"end": "#c40c30"
	},
	"speed": {
		"start": 0,
		"end": 0,
		"minimumSpeedMultiplier": 1
	},
	"acceleration": {
		"x": 0,
		"y": 0
	},
	"maxSpeed": 0,
	"startRotation": {
		"min": 0,
		"max": 0
	},
	"noRotation": false,
	"rotationSpeed": {
		"min": 0,
		"max": 0
	},
	"lifetime": {
		"min": 0.5,
		"max": 10
	},
	"blendMode": "normal",
	"frequency": 0.01,
	"emitterLifetime": -1,
	"maxParticles": 300,
	"pos": {
		"x": 0,
		"y": 0
	},
	"addAtBack": false,
	"spawnType": "rect",
	"spawnRect": {
		"x": 0,
		"y": 0,
		"w": 3,
		"h": 0
	}
}