{
	"alpha": {
		"start": 1,
		"end": 0
	},
	"scale": {
		"start": 0.1,
		"end": 2,
		"minimumScaleMultiplier": 1
	},
	"color": {
		"start": "#490013",
		"end": "#ef0059"
	},
	"speed": {
		"start": 20,
		"end": 20,
		"minimumSpeedMultiplier": 1
	},
	"acceleration": {
		"x": 0,
		"y": 2
	},
	"maxSpeed": 0,
	"startRotation": {
		"min": 0,
		"max": 180
	},
	"noRotation": false,
	"rotationSpeed": {
		"min": 0,
		"max": 0
	},
	"lifetime": {
		"min": 0.5,
		"max": 8
	},
	"blendMode": "normal",
	"frequency": 0.001,
	"emitterLifetime": -1,
	"maxParticles": 300,
	"pos": {
		"x": 0,
		"y": 0
	},
	"addAtBack": false,
	"spawnType": "rect",
	"spawnRect": {
		"x": 0,
		"y": 0,
		"w": 200,
		"h": 0
	}
}