{
	"alpha": {
		"start": 0.74,
		"end": 0
	},
	"scale": {
		"start": 0.1,
		"end": 1.2,
		"minimumScaleMultiplier": 0.02
	},
	"color": {
		"start": "#ffffff",
		"end": "#ffffff"
	},
	"speed": {
		"start": 700,
		"end": 50
	},
	"acceleration": {
		"x": 0,
		"y": -3000
	},
	"startRotation": {
		"min": 0,
		"max": 360
	},
	"noRotation": false,
	"rotationSpeed": {
		"min": 0,
		"max": 200
	},
	"lifetime": {
		"min": 0.1,
		"max": 1
	},
	"blendMode": "normal",
	"frequency": 0.001,
	"emitterLifetime": -1,
	"maxParticles": 100,
	"pos": {
		"x": 0,
		"y": 0
	},
	"addAtBack": true,
	"spawnType": "point"
}