{
	"alpha": {
		"start": 0.01,
		"end": 0.88
	},
	"scale": {
		"start": 0.2,
		"end": 0.001,
		"minimumScaleMultiplier": 2
	},
	"color": {
		"start": "#ffffff",
		"end": "#ffffff"
	},
	"speed": {
		"start": 16,
		"end": 10
	},
	"acceleration": {
		"x": 10,
		"y": -300
	},
	"startRotation": {
		"min": 0,
		"max": 180
	},
	"noRotation": true,
	"rotationSpeed": {
		"min": 0,
		"max": 1
	},
	"lifetime": {
		"min": 1,
		"max": 0.82
	},
	"blendMode": "add",
	"frequency": 0.005,
	"emitterLifetime": -1,
	"maxParticles": 200,
	"pos": {
		"x": 0,
		"y": 0
	},
	"addAtBack": false,
	"spawnType": "point"
}