{
	"alpha": {
		"start": 0.5,
		"end": 0.1
	},
	"scale": {
		"start": 0.01,
		"end": 0.8,
		"minimumScaleMultiplier": 1
	},
	"color": {
		"start": "#000000",
		"end": "#000000"
	},
	"speed": {
		"start": 0,
		"end": 0
	},
	"acceleration": {
		"x": 140,
		"y": 0
	},
	"startRotation": {
		"min": 90,
		"max": 90
	},
	"noRotation": false,
	"rotationSpeed": {
		"min": 80,
		"max": -80
	},
	"lifetime": {
		"min": 0.2,
		"max": 1.5
	},
	"blendMode": "normal",
	"frequency": 0.1,
	"emitterLifetime": -1,
	"maxParticles": 15,
	"pos": {
		"x": 0,
		"y": 0
	},
	"addAtBack": true,
	"spawnType": "point"
}