{
	"alpha": {
		"start": 0.15,
		"end": 0.6
	},
	"scale": {
		"start": 0.3,
		"end": 0.4,
		"minimumScaleMultiplier": 0.3
	},
	"color": {
		"start": "#ffffff",
		"end": "#ffffff"
	},
	"speed": {
		"start": 600,
		"end": 0
	},
	"acceleration": {
		"x": 0,
		"y": 3000
	},
	"startRotation": {
		"min": 90,
		"max": 90
	},
	"noRotation": false,
	"rotationSpeed": {
		"min": 0,
		"max": 0
	},
	"lifetime": {
		"min": 0.001,
		"max": 1
	},
	"blendMode": "normal",
	"frequency": 0.001,
	"emitterLifetime": -1,
	"maxParticles": 100,
	"pos": {
		"x": 0,
		"y": 0
	},
	"addAtBack": false,
	"spawnType": "circle",
	"spawnCircle": {
		"x": 0,
		"y": 0,
		"r": 10
	}
}
