{
	"alpha": {
		"start": 0.2,
		"end": 0.15
	},
	"scale": {
		"start": 0.8,
		"end": 1.4,
		"minimumScaleMultiplier": 2
	},
	"color": {
		"start": "#ffffff",
		"end": "#ffffff"
	},
	"speed": {
		"start": 0,
		"end": 0,
		"minimumSpeedMultiplier": 1
	},
	"acceleration": {
		"x": 0,
		"y": -500
	},
	"maxSpeed": 0,
	"startRotation": {
		"min": 180,
		"max": -180
	},
	"noRotation": false,
	"rotationSpeed": {
		"min": -60,
		"max": 60
	},
	"lifetime": {
		"min": 2,
		"max": 5
	},
	"blendMode": "normal",
	"frequency": 0.02,
	"emitterLifetime": -1,
	"maxParticles": 200,
	"pos": {
		"x": 0,
		"y": 0
	},
	"addAtBack": true,
	"spawnType": "rect",
	"spawnRect": {
		"x": 0,
		"y": 0,
		"w": 100,
		"h": 0
	}
}