{
	"alpha": {
		"start": 0.8,
		"end": 0.1
	},
	"scale": {
		"start": 1,
		"end": 0.3,
		"minimumScaleMultiplier": 1
	},
	"color": {
		"start": "#e6cf22",
		"end": "#b6f060"
	},
	"speed": {
		"start": 0,
		"end": 0
	},
	"acceleration": {
		"x": 0,
		"y": 0
	},
	"startRotation": {
		"min": 0,
		"max": 0
	},
	"noRotation": false,
	"rotationSpeed": {
		"min": 0,
		"max": 0
	},
	"lifetime": {
		"min": 0.2,
		"max": 0.2
	},
	"blendMode": "normal",
	"frequency": 0.008,
	"emitterLifetime": -1,
	"maxParticles": 1000,
	"pos": {
		"x": 0,
		"y": 0
	},
	"addAtBack": false,
	"spawnType": "point"
}