{
	"alpha": {
		"start": 1,
		"end": 0.2
	},
	"scale": {
		"start": 0.3,
		"end": 2,
		"minimumScaleMultiplier": 1
	},
	"color": {
		"start": "#ffffff",
		"end": "#ffffff"
	},
	"speed": {
		"start": 400,
		"end": 100,
		"minimumSpeedMultiplier": 1
	},
	"acceleration": {
		"x": 0,
		"y": 0
	},
	"maxSpeed": 5,
	"startRotation": {
		"min": 90,
		"max": 90
	},
	"noRotation": false,
	"rotationSpeed": {
		"min": -90,
		"max": 90
	},
	"lifetime": {
		"min": 1.5,
		"max": 2
	},
	"blendMode": "normal",
	"frequency": 0.01,
	"emitterLifetime": 1.5,
	"maxParticles": 20,
	"pos": {
		"x": 0,
		"y": 0
	},
	"addAtBack": false,
	"spawnType": "rect",
	"spawnRect": {
		"x": 0,
		"y": 0,
		"w": 20,
		"h": 10
	}
}