{
	"alpha": {
		"start": 0.4,
		"end": 0.5
	},
	"scale": {
		"start": 1,
		"end": 1.5,
		"minimumScaleMultiplier": 1
	},
	"color": {
		"start": "#00ABCA",
		"end": "#3eadc1"
	},
	"speed": {
		"start": 0,
		"end": 0,
		"minimumSpeedMultiplier": 1
	},
	"acceleration": {
		"x": 0,
		"y": 0
	},
	"maxSpeed": 0,
	"startRotation": {
		"min": -90,
		"max": -88
	},
	"noRotation": true,
	"rotationSpeed": {
		"min": 0,
		"max": 2
	},
	"lifetime": {
		"min": 0.1,
		"max": 1000
	},
	"blendMode": "normal",
	"frequency": 0.001,
	"emitterLifetime": -1,
	"maxParticles": 10,
	"pos": {
		"x": 0,
		"y": 0
	},
	"addAtBack": false,
	"spawnType": "rect",
	"spawnRect": {
		"x": 0,
		"y": 0,
		"w": 70,
		"h": 40
	}
}