{
    "alpha": {
        "start": 0.6,
        "end": 0.6
    },
    "scale": {
        "start": 0.3,
        "end": 0.6,
        "minimumScaleMultiplier": 1
    },
    "color": {
        "start": "#01a9c0",
        "end": "#3eadc1"
    },
    "speed": {
        "start": 20,
        "end": 0,
        "minimumSpeedMultiplier": 1
    },
    "acceleration": {
        "x": 0,
        "y": -20
    },
    "maxSpeed": 0,
    "startRotation": {
        "min": 0,
        "max": 180
    },
    "noRotation": false,
    "rotationSpeed": {
        "min": 0,
        "max": 10
    },
    "lifetime": {
        "min": 2,
        "max": 2
    },
    "blendMode": "normal",
    "frequency": 0.05,
    "emitterLifetime": 1.5,
    "maxParticles": 30,
    "pos": {
        "x": 0,
        "y": 0
    },
    "addAtBack": false,
    "spawnType": "rect",
    "spawnRect": {
        "x": -10,
        "y": 0,
        "w": 20,
        "h": 10
    }
}
