{
	"alpha": {
		"start": 0.4,
		"end": 0.4
	},
	"scale": {
		"start": 3,
		"end": 3,
		"minimumScaleMultiplier": 1
	},
	"color": {
		"start": "#eb7a2f",
		"end": "#e67d40"
	},
	"speed": {
		"start": 0,
		"end": 0
	},
	"acceleration": {
		"x": 0,
		"y": 0
	},
	"startRotation": {
		"min": -85,
		"max": -95
	},
	"noRotation": false,
	"rotationSpeed": {
		"min": 1,
		"max": 5
	},
	"lifetime": {
		"min": 6000,
		"max": 6000
	},
	"blendMode": "normal",
	"frequency": 0.001,
	"emitterLifetime": -1,
	"maxParticles": 10,
	"pos": {
		"x": 0,
		"y": 0
	},
	"addAtBack": false,
	"spawnType": "rect",
	"spawnRect": {
		"x": 0,
		"y": 0,
		"w": 200,
		"h": 400
	}
}