{
    "alpha": {
        "start": 0.4,
        "end": 0.6
    },
    "scale": {
        "start": 0.3,
        "end": 0.4,
        "minimumScaleMultiplier": 1
    },
    "color": {
        "start": "#01a9c0",
        "end": "#3eadc1"
    },
    "speed": {
        "start": 0,
        "end": 0,
        "minimumSpeedMultiplier": 1
    },
    "acceleration": {
        "x": 0,
        "y": 0
    },
    "maxSpeed": 0,
    "startRotation": {
        "min": -90,
        "max": -88
    },
    "noRotation": false,
    "rotationSpeed": {
        "min": 0,
        "max": 1.5
    },
    "lifetime": {
        "min": 1,
        "max": 4
    },
    "blendMode": "normal",
    "frequency": 0.001,
    "emitterLifetime": -1,
    "maxParticles": 100,
    "pos": {
        "x": 0,
        "y": 0
    },
    "addAtBack": false,
    "spawnType": "rect",
    "spawnRect": {
        "x": 0,
        "y": 0,
        "w": 400,
        "h": 10
    }
}
